name,grade,gender,math,reading,behavior,independence,iep,504,esl,gate,friends,incompatible
Matthew Peterson,Kindergarten,M,l,m,cooperative,neutral,n,n,n,n,,
Emma Morris,Kindergarten,F,m,h,neutral,low,n,n,n,n,,
Michael Edwards,Kindergarten,M,h,h,cooperative,high,n,n,n,n,,
Violet Robinson,Kindergarten,F,l,m,neutral,low,n,n,n,n,,
Ryan Lewis,Kindergarten,M,h,h,cooperative,neutral,n,n,y,n,Ava Cruz,
Ava Cruz,Kindergarten,F,h,h,cooperative,low,n,n,n,n,,
Asher Martin,Kindergarten,M,m,m,cooperative,low,n,n,n,n,,
Sophia Lopez,Kindergarten,F,m,h,disruptive,high,n,n,n,n,Ella Hill,Stella Lopez
Oliver James,Kindergarten,M,l,m,neutral,high,n,y,n,n,,
Jacob Baker,Kindergarten,M,m,h,neutral,high,n,n,y,n,,
Camila Lopez,Kindergarten,F,m,m,cooperative,high,n,n,n,n,Oliver James,
Ella Hill,Kindergarten,F,l,m,cooperative,neutral,n,y,y,n,,
Aurora Bennett,Kindergarten,F,m,h,cooperative,neutral,y,n,n,n,,
Stella Lopez,Kindergarten,F,m,m,disruptive,neutral,n,n,n,n,Jacob Baker,Sophia Lopez
Ezra Adams,Kindergarten,M,h,m,cooperative,high,n,n,n,n,,
Ezra Bailey,Kindergarten,M,m,m,cooperative,neutral,y,n,n,n,,
Isabella Kim,Kindergarten,F,l,l,cooperative,neutral,n,n,n,n,,
Jaxon Rogers,Kindergarten,M,h,m,cooperative,high,n,n,n,n,Aurora Bennett,
James Morris,Kindergarten,M,m,l,cooperative,high,n,n,n,n,,
Gabriella Harris,Kindergarten,F,l,l,neutral,neutral,n,n,n,n,,
Dylan Walker,Kindergarten,M,m,m,neutral,neutral,n,n,y,n,Isabella Kim,
Claire Ortiz,Kindergarten,F,m,h,cooperative,low,n,n,y,n,,
Avery Garcia,Kindergarten,F,l,h,neutral,low,n,n,n,n,,
Sophia Ward,Kindergarten,F,l,l,cooperative,neutral,n,n,n,n,,
Ella Jackson,Kindergarten,F,m,l,cooperative,high,n,n,n,n,,
Evelyn Morales,Kindergarten,F,m,m,cooperative,low,y,n,n,n,,
Lily Green,Kindergarten,F,l,m,cooperative,neutral,n,n,n,n,Michael Brown,
Savannah Reed,Kindergarten,F,m,l,cooperative,neutral,n,n,n,n,,
Maya Green,Kindergarten,F,m,h,cooperative,neutral,y,n,n,n,,
Michael Brown,Kindergarten,M,m,m,cooperative,low,n,n,n,n,,
Leah Johnson,Kindergarten,F,m,l,neutral,high,n,n,n,n,,
Hunter Ward,Kindergarten,M,m,m,neutral,neutral,n,n,n,n,,
Sebastian Williams,Kindergarten,M,m,m,cooperative,neutral,n,n,n,n,,
Sofia Reed,Kindergarten,F,m,h,cooperative,low,n,n,n,n,,
Charlotte Wilson,Kindergarten,F,m,l,disruptive,neutral,n,n,n,n,,Claire Hall
Jaxon Richardson,Kindergarten,M,m,m,neutral,neutral,n,n,n,n,,
Layla Morgan,Kindergarten,F,l,h,cooperative,neutral,n,n,n,n,,
Claire Hall,Kindergarten,F,m,h,disruptive,high,n,n,y,n,Grace Martin,Charlotte Wilson
Charlotte Young,Kindergarten,F,m,l,cooperative,high,n,n,n,n,Ellie Diaz,
Ellie Diaz,Kindergarten,F,m,l,cooperative,neutral,n,n,n,n,,
Thomas Davis,Kindergarten,M,m,l,disruptive,high,n,n,y,n,,Luke Brooks
Michael Roberts,Kindergarten,M,m,m,cooperative,high,n,n,y,n,,
Grace Martin,Kindergarten,F,m,m,cooperative,high,n,n,n,n,Michael Roberts,
Avery Wood,Kindergarten,F,m,m,neutral,high,n,n,n,n,,
Luke Brooks,Kindergarten,M,h,m,disruptive,high,n,n,n,n,,Thomas Davis
Thomas Cook,Kindergarten,M,h,m,cooperative,neutral,n,y,n,n,,
Eleanor Campbell,Kindergarten,F,h,l,cooperative,neutral,n,n,n,n,,
Paisley Kelly,Kindergarten,F,h,h,cooperative,high,n,n,y,n,,
Penelope Rogers,Kindergarten,F,m,m,cooperative,neutral,n,n,n,n,,
Jaxon Brown,Kindergarten,M,h,m,cooperative,high,n,n,n,n,,
Caleb Reyes,Kindergarten,M,l,m,cooperative,neutral,n,n,y,n,,
Riley Rivera,Kindergarten,F,l,m,disruptive,low,n,n,n,n,,Harper Gomez
Maya Wilson,Kindergarten,F,l,m,neutral,high,y,y,n,n,Jaxon Brown,
Matthew Allen,Kindergarten,M,l,l,neutral,neutral,n,n,n,n,Caleb Reyes,
Amelia Hughes,Kindergarten,F,h,l,cooperative,neutral,n,n,n,n,,
Maya Baker,Kindergarten,F,l,m,cooperative,high,n,n,n,n,Amelia Hughes,
Lily King,Kindergarten,F,h,m,cooperative,neutral,n,n,n,n,,
Savannah Harris,Kindergarten,F,h,m,cooperative,high,n,n,y,n,,
Sophia Cox,Kindergarten,F,m,l,cooperative,high,y,y,y,n,,
Grayson Evans,Kindergarten,M,m,l,cooperative,high,n,n,y,n,,
Matthew Hall,Kindergarten,M,l,m,cooperative,neutral,n,y,n,n,,
Natalie Cooper,Kindergarten,F,h,m,neutral,neutral,n,n,n,n,Henry Cruz,
Stella Morgan,Kindergarten,F,m,h,cooperative,high,n,n,n,n,,
Savannah Gonzalez,Kindergarten,F,m,m,cooperative,low,y,n,y,n,,
Isaac Allen,Kindergarten,M,m,m,cooperative,neutral,n,n,n,n,Dylan Reyes,
Dylan Reyes,Kindergarten,M,m,m,cooperative,high,n,n,n,n,,
Henry Cruz,Kindergarten,M,m,m,neutral,neutral,n,n,n,n,,
Harper Thomas,Kindergarten,F,m,h,cooperative,neutral,n,n,n,n,,
Matthew Baker,Kindergarten,M,l,m,cooperative,neutral,n,n,n,n,,
Christopher Hughes,Kindergarten,M,h,m,cooperative,neutral,n,n,y,n,,
Audrey Thompson,Kindergarten,F,h,l,cooperative,high,y,n,n,n,,
Harper Gomez,Kindergarten,F,h,m,disruptive,neutral,n,n,n,n,,Riley Rivera
Lily Howard,Kindergarten,F,m,m,neutral,high,n,n,y,n,,
Gabriel Hughes,Kindergarten,M,m,m,cooperative,high,y,n,n,n,,
Carter Wilson,Kindergarten,M,l,m,cooperative,high,n,n,n,n,,
Joseph Adams,Kindergarten,M,m,l,cooperative,neutral,n,n,n,n,,
Emily Watson,Kindergarten,F,m,h,cooperative,low,n,n,n,n,Elijah Morales,
Elijah Morales,Kindergarten,M,l,m,cooperative,high,n,n,n,n,,
Hannah James,Kindergarten,F,m,h,neutral,neutral,n,n,n,n,,
Zoey Morris,Kindergarten,F,h,m,neutral,neutral,n,y,n,n,,
Hazel Scott,Kindergarten,F,m,m,neutral,neutral,n,n,y,n,,
Paisley Howard,Kindergarten,F,l,h,cooperative,neutral,n,n,n,n,,
Grace Cox,Kindergarten,F,m,m,cooperative,neutral,n,n,n,n,Hazel Scott,
Skylar Sanchez,Kindergarten,F,m,l,cooperative,neutral,n,n,n,n,John Ortiz,
Isaac Ortiz,Kindergarten,M,l,m,disruptive,low,n,n,n,n,Gabriel Jones,
Leo Williams,Kindergarten,M,l,m,cooperative,high,n,n,y,n,Grace Cox,
Gabriel Jones,Kindergarten,M,h,m,cooperative,neutral,y,n,n,n,,
John Ortiz,Kindergarten,M,m,m,neutral,neutral,n,n,y,n,Isaac Ortiz,
Scarlett Wilson,Kindergarten,F,l,l,cooperative,high,n,y,n,n,,
Wyatt Richardson,Kindergarten,M,m,h,cooperative,high,n,n,n,n,,
Skylar Smith,1st,F,m,m,neutral,neutral,n,n,y,n,,
Charles Gomez,1st,M,m,m,neutral,neutral,y,n,n,n,,
Elijah Bennett,1st,M,m,m,cooperative,high,y,n,n,n,,
Aurora King,1st,F,h,l,cooperative,neutral,y,n,n,n,,
Luna Cruz,1st,F,h,m,neutral,neutral,n,n,n,n,Paisley Nelson,
Hazel Williams,1st,F,m,h,neutral,high,n,n,n,n,Charles Gomez,
Jackson Martin,1st,M,h,m,cooperative,low,n,n,n,n,Hazel Williams,
Paisley Nelson,1st,F,l,m,cooperative,high,n,n,n,n,,
Savannah Ortiz,1st,F,l,m,cooperative,high,n,n,n,n,,
Jack Carter,1st,M,m,m,cooperative,neutral,n,n,n,n,,
Lucy Morgan,1st,F,l,m,cooperative,low,n,n,y,n,,
Carter Brown,1st,M,l,m,neutral,neutral,n,y,n,n,Gabriel Miller,
Gabriel Miller,1st,M,l,m,cooperative,high,n,y,n,n,,
Avery Ortiz,1st,F,m,h,cooperative,high,n,n,y,n,Savannah Ortiz,
Luke Murphy,1st,M,l,m,disruptive,high,n,n,n,n,,
Evelyn Martin,1st,F,m,h,neutral,high,n,n,n,n,,
Grayson Garcia,1st,M,m,l,cooperative,neutral,n,n,n,n,,
Levi Ward,1st,M,m,m,neutral,low,n,n,n,n,Jack Brooks,
William Phillips,1st,M,m,m,cooperative,neutral,n,n,n,n,,
Owen Edwards,1st,M,m,m,disruptive,low,y,n,n,n,,
Mia Taylor,1st,F,m,m,neutral,neutral,n,n,y,n,,
Hunter Rogers,1st,M,m,l,cooperative,low,n,n,n,n,,
Jack Brooks,1st,M,l,l,cooperative,neutral,n,n,n,n,,
Mia Sanchez,1st,F,m,m,neutral,high,n,n,n,n,Mia Taylor,
Mia Mendoza,1st,F,m,h,neutral,high,n,n,y,n,,
Audrey Richardson,1st,F,m,h,cooperative,high,n,n,n,n,Sebastian Smith,
Sebastian Smith,1st,M,m,l,neutral,high,n,n,y,n,Evelyn Adams,
Paisley Collins,1st,F,m,m,neutral,neutral,n,n,n,n,,
Bella Morris,1st,F,h,m,cooperative,low,n,n,n,n,Joseph Sanchez,
Joseph Sanchez,1st,M,h,l,cooperative,neutral,n,n,n,n,,
Ryan Nguyen,1st,M,h,l,cooperative,neutral,n,n,n,n,,
Evelyn Adams,1st,F,h,m,cooperative,neutral,n,n,n,n,,
Aria Morales,1st,F,m,l,cooperative,low,n,n,n,n,Anthony Clark,
Ellie Baker,1st,F,l,l,cooperative,neutral,n,n,y,n,,
Noah Thomas,1st,M,l,m,cooperative,neutral,n,n,n,n,,
Joseph Kim,1st,M,m,m,neutral,high,n,y,y,n,,
Anthony Chavez,1st,M,l,m,cooperative,high,n,n,n,n,,
Anthony Clark,1st,M,m,m,disruptive,neutral,n,n,n,n,,Charles Rodriguez
Christian Murphy,1st,M,h,h,cooperative,low,n,y,n,n,Luke Howard,
Luke Howard,1st,M,l,l,cooperative,high,n,n,n,n,,
Ella Chavez,1st,F,l,m,cooperative,neutral,n,n,n,n,Bella Clark,
Joseph Morris,1st,M,h,m,cooperative,high,n,n,y,n,,
Bella Clark,1st,F,m,h,cooperative,neutral,n,n,n,n,,
Ryan Collins,1st,M,l,l,cooperative,low,n,n,n,n,,
David Hill,1st,M,h,m,cooperative,neutral,n,n,y,n,,
Violet Morales,1st,F,l,m,cooperative,high,n,n,n,n,,
Anthony Young,1st,M,h,m,neutral,high,y,n,n,n,,
Elizabeth Lopez,1st,F,h,l,cooperative,neutral,n,n,n,n,,
Lily Johnson,1st,F,l,l,neutral,high,n,n,n,n,,
Isaac Reyes,1st,M,h,h,neutral,high,n,n,n,n,,
Nora Davis,1st,F,h,m,neutral,neutral,y,n,n,n,,
Ava Mitchell,1st,F,l,m,cooperative,high,y,n,n,n,,
Chloe Hughes,1st,F,m,l,cooperative,high,y,n,n,n,Abigail Jones,
Mason Cook,1st,M,h,m,cooperative,high,n,n,n,n,,
Ava Rogers,1st,F,m,h,cooperative,low,y,n,n,n,,
Wyatt Brown,1st,M,m,m,cooperative,high,n,y,n,n,,
Abigail Jones,1st,F,h,h,cooperative,neutral,n,n,n,n,,
John Flores,1st,M,l,h,cooperative,high,n,y,n,n,,
Michael Richardson,1st,M,m,m,neutral,high,n,n,n,n,,
Charles Rodriguez,1st,M,h,h,disruptive,neutral,n,n,n,n,,Anthony Clark
Nathan Hernandez,1st,M,m,l,neutral,high,n,y,n,n,John Flores,
Logan Watson,1st,M,m,m,cooperative,low,n,n,n,n,,
Leah Stewart,1st,F,m,m,cooperative,high,n,n,n,n,,
Leah Watson,1st,F,m,h,neutral,low,n,n,n,n,Logan Watson,
Jackson White,1st,M,l,m,neutral,high,n,n,n,n,,
Jackson Miller,1st,M,m,m,disruptive,neutral,n,n,y,n,,Hunter Davis
Anna Walker,1st,F,m,m,cooperative,high,n,n,n,n,,
Stella Mendoza,1st,F,m,h,cooperative,high,n,n,n,n,Jackson Miller,
Hunter Davis,1st,M,l,l,disruptive,neutral,n,n,n,n,,Jackson Miller
Luke Mitchell,1st,M,l,l,cooperative,neutral,n,n,n,n,,
Hannah Young,1st,F,h,l,neutral,neutral,n,n,n,n,,
Evelyn Reed,1st,F,h,m,cooperative,neutral,n,y,n,n,,
Bella Cruz,1st,F,m,m,cooperative,high,n,n,n,n,,
Samuel Jones,1st,M,h,m,neutral,high,n,y,n,n,,
Paisley Thompson,1st,F,h,h,neutral,high,n,n,n,n,,
Violet Davis,1st,F,m,m,cooperative,low,n,n,y,n,,
Savannah Hernandez,1st,F,l,m,cooperative,low,n,n,n,n,,
Elijah Walker,1st,M,m,m,neutral,low,n,n,n,n,,
Sophia Wright,1st,F,h,l,disruptive,high,n,y,y,n,,Penelope Flores
Levi Perez,1st,M,m,l,cooperative,neutral,y,n,n,n,,
Sofia Ruiz,1st,F,m,m,cooperative,neutral,n,n,y,n,,
Jacob Brown,1st,M,h,h,cooperative,high,n,y,n,n,Penelope Flores,
Ellie Scott,1st,F,m,h,cooperative,high,n,n,n,n,,
Christopher Turner,1st,M,l,l,cooperative,neutral,n,n,n,n,,
Penelope Flores,1st,F,h,l,disruptive,low,n,n,n,n,Nathan Gomez,Sophia Wright
Owen Walker,1st,M,h,h,cooperative,high,n,y,n,n,,
Julian Davis,1st,M,h,m,cooperative,low,n,n,y,n,,
Brooklyn Roberts,1st,F,l,m,cooperative,neutral,n,n,n,n,,
Nathan Gomez,1st,M,m,m,cooperative,neutral,n,n,n,n,,
Noah James,1st,M,m,m,cooperative,high,y,n,n,n,,
Skylar Davis,2nd,F,l,m,cooperative,high,n,n,n,n,,
Gabriella Martinez,2nd,F,l,m,cooperative,high,n,n,n,n,,
Nathan Rivera,2nd,M,m,l,neutral,high,n,n,n,n,,
Ava Ramos,2nd,F,m,l,neutral,neutral,n,n,n,n,Skylar Davis,
Ezra Reed,2nd,M,m,h,cooperative,low,n,n,n,n,,
Avery Cook,2nd,F,m,m,cooperative,high,n,n,n,n,James Richardson,
Lincoln Carter,2nd,M,m,m,neutral,high,n,n,n,n,Gabriella Martinez,
Violet Allen,2nd,F,h,h,neutral,high,n,n,n,n,,
Jaxon Taylor,2nd,M,m,m,cooperative,neutral,n,n,n,n,,
James Richardson,2nd,M,h,m,cooperative,neutral,n,n,n,n,Grayson Smith,
Brooklyn Moore,2nd,F,l,m,cooperative,neutral,n,n,y,n,,
Gabriel Garcia,2nd,M,m,h,cooperative,neutral,y,n,n,n,Jaxon Taylor,
Leah Rivera,2nd,F,m,l,disruptive,high,n,n,n,n,,John Cook
Elijah Hall,2nd,M,m,m,cooperative,high,n,n,n,n,,
Grayson Smith,2nd,M,m,m,cooperative,high,n,n,n,n,,
Liam Young,2nd,M,m,l,cooperative,high,n,n,n,n,,
Christian Mendoza,2nd,M,m,m,cooperative,neutral,n,n,n,n,Leah Rivera,
John Phillips,2nd,M,l,l,neutral,neutral,n,n,y,n,Abigail Clark,
Hunter Wood,2nd,M,h,l,neutral,high,n,n,n,n,,
Grayson Williams,2nd,M,l,h,neutral,high,n,n,n,n,,
Abigail Clark,2nd,F,m,m,cooperative,neutral,n,n,n,n,,
Liam Rivera,2nd,M,m,h,neutral,high,n,n,n,n,,
Carter Evans,2nd,M,l,l,cooperative,neutral,n,n,n,n,,
Camila Roberts,2nd,F,l,m,neutral,high,n,n,n,n,,
Ellie Stewart,2nd,F,l,h,cooperative,high,n,n,n,n,Bella Rogers,
Bella Rogers,2nd,F,m,m,neutral,neutral,n,y,y,n,,
Luke Ruiz,2nd,M,h,m,cooperative,high,n,n,n,n,,
Hannah Scott,2nd,F,m,l,cooperative,low,n,n,n,n,,
Lily Rodriguez,2nd,F,m,h,cooperative,low,n,n,n,n,Luke Ruiz,
Logan Walker,2nd,M,l,m,cooperative,high,n,n,n,n,,
Hunter Nelson,2nd,M,h,m,cooperative,neutral,n,n,n,n,,
Joseph Hill,2nd,M,h,l,cooperative,high,n,n,n,n,,
Oliver Hughes,2nd,M,m,m,cooperative,neutral,n,n,n,n,John Cook,
Allison Morgan,2nd,F,m,h,cooperative,high,n,n,n,n,,
Owen Cook,2nd,M,l,h,cooperative,neutral,n,n,n,n,,
Christopher Baker,2nd,M,h,m,cooperative,neutral,n,n,n,n,,
Camila Chavez,2nd,F,h,m,cooperative,high,n,n,n,n,,
John Cook,2nd,M,h,l,disruptive,neutral,n,n,n,n,,Leah Rivera
Elijah Green,2nd,M,m,m,neutral,high,y,n,n,n,,
Michael Rodriguez,2nd,M,m,m,cooperative,neutral,n,n,y,n,,
William Diaz,2nd,M,m,m,cooperative,neutral,n,n,n,n,Ellie Bailey,
Jacob Miller,2nd,M,l,m,cooperative,low,n,n,n,n,,
Paisley Anderson,2nd,F,h,l,cooperative,neutral,n,n,n,n,,
John Scott,2nd,M,h,m,neutral,high,y,n,n,n,,
Ellie Bailey,2nd,F,h,h,cooperative,neutral,n,n,n,n,,
Claire Diaz,2nd,F,h,m,neutral,low,n,n,n,n,,
Jacob Mitchell,2nd,M,l,m,cooperative,high,n,n,n,n,,
Ava Rivera,2nd,F,m,m,cooperative,neutral,n,n,n,n,,
Bella Stewart,2nd,F,h,m,cooperative,neutral,n,n,n,n,,
Sofia Parker,2nd,F,m,m,neutral,neutral,n,y,n,n,Elizabeth Martinez,
Maya Lopez,2nd,F,h,h,cooperative,low,n,n,n,n,,
Gabriella Wright,2nd,F,h,m,neutral,high,n,n,y,n,Elizabeth Martinez,
Elijah Lee,2nd,M,m,h,cooperative,low,n,n,n,n,,
Elizabeth Martinez,2nd,F,h,l,neutral,low,n,n,n,n,Gabriella Wright,
Oliver Sanchez,2nd,M,m,m,disruptive,low,n,n,n,n,Gabriella Wright,David King
Carter Adams,2nd,M,h,l,neutral,neutral,n,n,n,n,Audrey Thomas,
Luna Williams,2nd,F,m,m,neutral,neutral,n,n,n,n,,
Sebastian Green,2nd,M,h,l,cooperative,high,n,n,n,n,,
Skylar Turner,2nd,F,l,l,neutral,high,n,n,y,n,,
Elijah Kelly,2nd,M,h,m,cooperative,high,y,n,n,n,Oliver Sanchez,
Audrey Thomas,2nd,F,m,h,cooperative,neutral,n,n,n,n,,
Stella Turner,2nd,F,h,l,neutral,high,n,n,n,n,,
Camila Clark,2nd,F,l,h,cooperative,neutral,n,n,n,n,,
David King,2nd,M,l,m,disruptive,high,n,n,n,n,,Oliver Sanchez
Nora Parker,2nd,F,m,m,cooperative,neutral,n,n,y,n,Audrey Thomas,
Jack Stewart,2nd,M,m,m,neutral,low,n,n,n,n,,
John Howard,2nd,M,h,m,cooperative,neutral,n,n,n,n,James Brooks,
Lucas Harris,2nd,M,h,m,neutral,neutral,n,n,n,n,,
Isaac Young,2nd,M,m,m,cooperative,high,n,n,n,n,Nora Parker,
Aria Chavez,2nd,F,m,l,cooperative,neutral,n,n,y,n,,
James Brooks,2nd,M,l,l,cooperative,neutral,n,n,n,n,,
Sebastian Lopez,2nd,M,m,m,cooperative,neutral,n,n,n,n,,
Brooklyn Rodriguez,2nd,F,h,m,neutral,neutral,n,n,n,n,,
Mateo Ramos,2nd,M,h,h,neutral,high,n,n,n,y,,
Evelyn Cooper,2nd,F,h,h,cooperative,neutral,n,n,n,n,Dylan Cox,
Ellie Hill,2nd,F,m,m,cooperative,neutral,n,n,n,n,Hannah Collins,
Sebastian Harris,2nd,M,h,h,neutral,neutral,n,n,n,n,,
Hannah Collins,2nd,F,l,m,neutral,low,n,n,y,n,,
Emily Edwards,2nd,F,l,h,neutral,high,n,n,y,n,,
Dylan Cox,2nd,M,l,m,neutral,high,n,n,y,n,,
Savannah Nelson,2nd,F,h,l,cooperative,neutral,n,n,n,n,,
Penelope Collins,2nd,F,l,m,cooperative,neutral,n,n,n,n,,
Zoey Ramirez,2nd,F,l,m,cooperative,neutral,n,n,n,n,,
Allison Thomas,2nd,F,h,l,disruptive,neutral,n,n,n,n,,
Dylan Thomas,2nd,M,h,m,disruptive,neutral,n,n,n,n,,
Hannah Kim,2nd,F,m,l,cooperative,neutral,n,n,n,n,,
Elijah Garcia,2nd,M,l,m,disruptive,high,n,n,n,n,,
Sophia Murphy,2nd,F,l,m,cooperative,high,n,n,y,n,,
Layla Lewis,2nd,F,m,m,neutral,high,n,n,n,n,,
William Williams,2nd,M,m,h,cooperative,low,n,n,n,n,,
Harper Hill,3rd,F,m,l,cooperative,neutral,n,y,n,n,Mason Phillips,
Brooklyn Brooks,3rd,F,m,l,cooperative,neutral,y,n,y,n,,
Mason Phillips,3rd,M,h,l,cooperative,neutral,n,n,n,n,Brooklyn Kim,
Skylar Thompson,3rd,F,l,m,neutral,neutral,n,n,n,n,,
Benjamin Robinson,3rd,M,h,m,cooperative,high,y,n,n,n,,
Carter Wood,3rd,M,l,m,cooperative,high,n,n,n,n,,
Alexander Parker,3rd,M,h,m,cooperative,neutral,n,n,n,n,Hunter Miller,
Brooklyn Kim,3rd,F,m,m,cooperative,neutral,n,n,n,n,,
Hunter Miller,3rd,M,h,m,neutral,high,n,n,n,n,Samuel Young,
Aria Reyes,3rd,F,l,m,disruptive,neutral,n,n,n,n,,Charlotte Cooper
Ryan Turner,3rd,M,m,m,neutral,neutral,n,n,n,n,Olivia Wilson,
Elijah Nelson,3rd,M,l,l,neutral,neutral,n,n,n,n,Aria Reyes,
Samuel Young,3rd,M,h,h,neutral,high,n,n,n,y,,
Noah Gonzalez,3rd,M,l,m,cooperative,neutral,n,n,n,n,,
Olivia Wilson,3rd,F,m,h,cooperative,neutral,n,n,n,n,Elijah Nelson,
Christian Gutierrez,3rd,M,l,l,cooperative,neutral,n,n,n,n,Owen Taylor,
Charlotte Cooper,3rd,F,m,m,disruptive,high,n,n,n,n,Oliver Wilson,Aria Reyes
Owen Taylor,3rd,M,m,m,disruptive,neutral,n,n,n,n,,
Benjamin Bailey,3rd,M,m,m,cooperative,neutral,n,n,n,n,,
Aiden Anderson,3rd,M,m,h,cooperative,neutral,n,y,n,n,Matthew Anderson,
Oliver Wilson,3rd,M,m,l,neutral,neutral,n,n,n,n,Christian Gutierrez,
Violet Sanchez,3rd,F,m,m,neutral,neutral,n,n,y,n,,
Matthew Anderson,3rd,M,m,h,cooperative,neutral,n,n,n,n,Oliver Wilson,
Amelia Kelly,3rd,F,l,h,neutral,low,n,n,n,n,Matthew Anderson,
Layla Thomas,3rd,F,h,l,neutral,neutral,n,n,n,n,,
Charlotte Cook,3rd,F,h,l,neutral,high,n,n,n,n,,
Charlotte Murphy,3rd,F,h,m,neutral,high,n,n,n,n,,
Lily Watson,3rd,F,m,m,cooperative,neutral,n,n,n,n,,
Leo Cruz,3rd,M,m,m,cooperative,high,n,n,n,n,,
Jackson Bailey,3rd,M,l,l,disruptive,high,n,n,n,n,Charlotte Murphy,
Carter Thompson,3rd,M,m,h,disruptive,low,n,n,n,n,,Asher Mitchell
Riley Moore,3rd,F,m,m,neutral,neutral,n,n,n,n,,
Ellie Bennett,3rd,F,l,l,cooperative,low,n,n,y,n,Olivia Allen,
Abigail Adams,3rd,F,m,m,cooperative,neutral,n,n,n,n,,
Asher Mitchell,3rd,M,m,m,disruptive,neutral,n,n,n,n,,Carter Thompson
Camila Hall,3rd,F,m,m,cooperative,high,y,n,n,n,Ellie Bennett,
Alexander Campbell,3rd,M,m,l,cooperative,neutral,y,n,n,n,,
Olivia Allen,3rd,F,m,m,neutral,high,n,n,n,n,Ryan Parker,
Hazel Nelson,3rd,F,m,m,neutral,high,n,n,n,n,Hannah Hernandez,
Ryan Parker,3rd,M,m,m,cooperative,high,y,n,n,n,,
Savannah Morales,3rd,F,h,h,cooperative,neutral,n,n,y,n,,
Natalie Jackson,3rd,F,l,m,cooperative,neutral,n,n,n,n,,
Hannah Hernandez,3rd,F,h,m,cooperative,high,n,n,n,n,Savannah Morales,
Alexander Flores,3rd,M,l,m,cooperative,high,n,n,y,n,,
Scarlett Hill,3rd,F,m,l,neutral,low,n,n,n,n,,
Audrey Rivera,3rd,F,l,h,cooperative,neutral,n,n,n,n,Hannah Hernandez,
Layla Campbell,3rd,F,h,m,neutral,neutral,n,y,n,n,,
Matthew Jones,3rd,M,h,m,cooperative,neutral,n,n,n,n,Scarlett Hill,
Ryan Howard,3rd,M,m,m,cooperative,neutral,n,n,n,n,,
Ezra Turner,3rd,M,m,m,cooperative,neutral,n,n,n,n,,
Skylar King,3rd,F,m,l,cooperative,low,n,n,n,n,,
Paisley Smith,3rd,F,h,m,cooperative,low,n,n,n,n,,
Owen Rivera,3rd,M,m,h,disruptive,neutral,y,n,n,n,,Riley Flores
Leo Nelson,3rd,M,h,m,cooperative,high,y,n,n,n,,
Riley Flores,3rd,F,h,m,disruptive,high,n,n,n,n,,Owen Rivera
Layla Wilson,3rd,F,l,m,cooperative,neutral,n,n,n,n,,
Matthew Gutierrez,3rd,M,m,m,cooperative,neutral,n,y,n,n,,
Liam Chavez,3rd,M,m,m,cooperative,neutral,n,n,n,n,,
Ethan Carter,3rd,M,m,m,neutral,neutral,n,n,n,n,,
Harper Sanchez,3rd,F,h,h,cooperative,neutral,n,n,n,n,Ethan Carter,
Stella Carter,3rd,F,l,m,neutral,high,n,n,n,n,,
Lincoln Taylor,3rd,M,l,m,cooperative,high,n,n,n,n,,
Levi Taylor,3rd,M,l,h,cooperative,neutral,n,n,n,n,Harper Sanchez,
Anthony Bailey,3rd,M,h,h,cooperative,high,n,n,n,n,,
Oliver Diaz,3rd,M,m,m,cooperative,neutral,n,n,n,n,,
Joseph Jones,3rd,M,h,m,neutral,neutral,n,n,n,n,Anthony Bailey,
Natalie Reed,3rd,F,h,m,cooperative,neutral,n,n,y,n,Luna Robinson,
Nora Bailey,3rd,F,m,l,neutral,neutral,n,n,n,n,,
Wyatt Perez,3rd,M,m,m,neutral,high,y,n,n,n,Aiden Phillips,
Claire Walker,3rd,F,m,l,neutral,neutral,n,n,y,n,Nora Bailey,
Aiden Phillips,3rd,M,l,l,cooperative,high,n,n,n,n,,
Luna Robinson,3rd,F,h,h,cooperative,high,n,n,n,n,Aiden Phillips,
Liam Collins,3rd,M,m,m,cooperative,neutral,n,n,y,n,,
Natalie Howard,3rd,F,h,h,cooperative,low,n,n,n,n,Aiden Phillips,
Jackson Parker,3rd,M,m,m,cooperative,high,y,n,n,n,,
Levi Thomas,3rd,M,l,m,disruptive,neutral,y,n,n,n,,Isabella Ruiz
Ryan Cruz,3rd,M,m,l,neutral,high,n,n,n,n,,
Layla King,3rd,F,m,m,neutral,neutral,n,n,n,n,,
Caleb Diaz,3rd,M,m,l,cooperative,high,n,n,y,n,Benjamin Harris,
Thomas Carter,3rd,M,m,l,cooperative,low,y,n,n,n,,
Isabella Ruiz,3rd,F,h,l,disruptive,neutral,n,n,n,n,Caleb Diaz,Levi Thomas
Liam Cox,3rd,M,m,m,cooperative,neutral,n,n,n,n,,
Sebastian Hall,3rd,M,m,l,cooperative,neutral,y,n,n,n,,
Benjamin Harris,3rd,M,m,m,neutral,low,n,n,n,n,,
Noah Cox,3rd,M,l,m,neutral,neutral,y,n,n,n,,
Michael Lopez,3rd,M,m,m,disruptive,neutral,n,n,n,n,,Ellie Ward
Wyatt Mendoza,3rd,M,h,h,neutral,high,n,n,n,n,,
Gabriel Richardson,3rd,M,l,m,neutral,neutral,n,n,n,n,Ellie Ward,
Stella Wood,3rd,F,l,h,cooperative,low,y,n,n,n,,
Ellie Ward,3rd,F,h,h,disruptive,neutral,n,y,n,n,,Michael Lopez
Isaac Harris,4th,M,m,h,cooperative,high,n,y,n,n,,
Charles Cruz,4th,M,h,l,cooperative,neutral,n,n,n,n,,
Benjamin Parker,4th,M,h,l,disruptive,low,n,y,y,n,,Sophia Young
Ava Taylor,4th,F,m,m,cooperative,high,n,n,n,n,Benjamin Parker,
Michael Johnson,4th,M,h,m,cooperative,high,y,n,n,n,Lincoln Ramos,
Lincoln Flores,4th,M,m,l,cooperative,neutral,n,n,n,n,,
Lincoln Ramos,4th,M,m,m,neutral,high,n,n,n,n,,
Leah Wood,4th,F,m,m,neutral,neutral,n,n,n,n,Ava Taylor,
Hannah Cook,4th,F,m,l,cooperative,low,n,n,n,n,,
Paisley Morgan,4th,F,l,l,neutral,neutral,n,n,n,n,,
Logan Roberts,4th,M,l,l,neutral,high,n,n,n,n,Oliver Smith,
Asher Baker,4th,M,l,m,cooperative,neutral,n,n,n,n,,
Oliver Smith,4th,M,h,m,cooperative,neutral,n,n,n,n,,
Ezra Lopez,4th,M,m,h,cooperative,high,n,n,n,n,,
John Wood,4th,M,m,h,cooperative,high,n,n,n,n,,
Anthony Stewart,4th,M,l,l,cooperative,high,n,n,n,n,,
Layla Martinez,4th,F,h,h,cooperative,high,n,n,y,n,,
Gabriel Allen,4th,M,m,l,neutral,neutral,n,n,n,n,,
Luke Morris,4th,M,m,m,cooperative,high,n,y,n,n,,
Sophia Young,4th,F,l,l,disruptive,high,n,n,n,n,,Benjamin Parker
Sophia Turner,4th,F,h,m,cooperative,neutral,n,n,n,n,Charlotte Gonzalez,
Hazel Perez,4th,F,m,m,cooperative,low,n,n,n,n,,
Layla Watson,4th,F,l,m,cooperative,neutral,n,n,n,n,Hazel Perez,
Maya Morgan,4th,F,h,m,cooperative,high,n,n,n,n,,
Thomas Lee,4th,M,l,m,neutral,neutral,n,n,n,n,,
Charlotte Gonzalez,4th,F,m,h,cooperative,high,n,n,y,n,Jackson Edwards,
Jackson Edwards,4th,M,l,l,cooperative,high,n,n,n,n,Lily Gomez,
Maya Kim,4th,F,m,m,cooperative,high,n,n,n,n,,
Lily Gomez,4th,F,m,h,neutral,high,n,n,n,n,,
Scarlett Parker,4th,F,m,h,cooperative,neutral,n,n,n,n,Maya Kim,
Mia Rivera,4th,F,l,m,neutral,high,n,n,n,n,,
Emily Murphy,4th,F,m,m,cooperative,neutral,n,n,n,n,,
Thomas James,4th,M,m,m,cooperative,high,n,n,n,n,,
Thomas Flores,4th,M,m,l,cooperative,low,n,n,n,n,,
Ella Reyes,4th,F,l,h,cooperative,neutral,n,n,n,n,Amelia Flores,
Asher Gutierrez,4th,M,l,m,cooperative,neutral,n,n,n,n,,
Jaxon Miller,4th,M,l,h,cooperative,high,n,n,n,n,,
Daniel Cox,4th,M,m,m,cooperative,neutral,n,y,n,n,,
Amelia Flores,4th,F,h,l,cooperative,neutral,n,n,n,n,,
Zoey Wright,4th,F,l,l,disruptive,high,n,n,n,n,,Brooklyn Ward
Grace Gray,4th,F,l,m,cooperative,high,n,n,n,n,Asher Gutierrez,
Eleanor Hernandez,4th,F,m,l,cooperative,neutral,y,n,n,n,Daniel Cox,
Mason Roberts,4th,M,m,l,neutral,neutral,n,n,n,n,,
Zoey Gray,4th,F,m,m,cooperative,neutral,y,n,n,n,,
Violet Torres,4th,F,m,h,neutral,neutral,n,n,n,n,Mason Roberts,
Brooklyn Ward,4th,F,h,m,disruptive,neutral,n,n,n,n,,Zoey Wright
Ryan Martinez,4th,M,m,l,cooperative,high,n,n,n,n,,
Sophia Rogers,4th,F,l,m,cooperative,high,n,n,y,n,,
Owen Young,4th,M,m,h,neutral,neutral,n,n,n,n,Jacob Nguyen,
Jacob Nguyen,4th,M,l,m,disruptive,neutral,n,n,n,n,,
Alexander Nelson,4th,M,l,h,neutral,high,n,y,n,n,Chloe Wood,
Camila Johnson,4th,F,m,h,cooperative,neutral,n,n,n,n,Jacob Anderson,
Hazel King,4th,F,h,h,disruptive,neutral,n,n,y,n,,
Owen Green,4th,M,h,h,disruptive,neutral,n,n,n,n,,
Chloe Wood,4th,F,m,h,cooperative,low,n,n,n,n,,
Jacob Anderson,4th,M,l,l,cooperative,low,n,n,n,n,Savannah Green,
Hazel Smith,4th,F,m,m,cooperative,neutral,n,n,n,n,,
Riley Hughes,4th,F,m,h,cooperative,neutral,n,n,n,n,,
Lucas Morgan,4th,M,m,l,cooperative,high,n,n,n,n,,
Savannah Green,4th,F,l,m,cooperative,high,n,n,n,n,,
Owen Lee,4th,M,m,l,disruptive,high,n,y,n,n,,
Elizabeth Hughes,4th,F,h,h,cooperative,neutral,n,n,y,n,,
Lucy Miller,4th,F,l,m,cooperative,high,n,n,n,n,Owen Lee,
Christopher Johnson,4th,M,l,m,neutral,neutral,n,y,n,n,,
Aiden Morgan,4th,M,l,m,cooperative,high,n,n,n,n,Owen Lee,
Skylar Rodriguez,4th,F,l,m,neutral,neutral,n,y,n,n,,
Aiden Carter,4th,M,l,m,cooperative,neutral,n,n,n,n,,
Liam Ruiz,4th,M,l,m,cooperative,low,n,n,y,n,,
Nora Wood,4th,F,h,h,cooperative,neutral,n,n,y,n,,
Violet Lee,4th,F,l,m,neutral,low,y,n,n,n,,
Logan Carter,4th,M,m,m,neutral,neutral,n,n,n,n,,
Mia Richardson,4th,F,m,h,neutral,high,n,n,n,n,Nora Wood,
Henry Rodriguez,4th,M,h,h,cooperative,low,y,n,n,n,,
Brooklyn Johnson,4th,F,m,m,cooperative,high,n,n,n,n,,
Lucy Davis,4th,F,l,m,cooperative,neutral,n,n,n,n,,
Zoey Turner,4th,F,m,h,cooperative,low,n,n,n,n,,
Benjamin Williams,4th,M,l,l,neutral,high,n,n,y,n,,
Grace Sanchez,4th,F,h,m,neutral,low,n,n,n,n,Sebastian Wood,
Wyatt Parker,4th,M,h,l,cooperative,low,n,n,n,n,,
Sebastian Wood,4th,M,l,h,cooperative,neutral,n,n,n,n,,
Riley Nelson,4th,F,h,l,neutral,low,n,n,y,n,Sophia Hall,
Benjamin Murphy,4th,M,l,h,cooperative,neutral,n,n,n,n,,
Eleanor Turner,4th,F,l,l,neutral,neutral,n,y,n,n,,
Sophia Hall,4th,F,h,m,disruptive,neutral,n,y,n,n,Carter Murphy,Carter Murphy
Penelope Lewis,4th,F,m,m,cooperative,neutral,n,n,n,n,Riley Nelson,
Carter Murphy,4th,M,l,m,disruptive,high,n,n,n,n,,Sophia Hall
Luna Chavez,4th,F,m,m,neutral,high,n,n,n,n,,
Dylan Miller,4th,M,m,l,cooperative,neutral,y,n,n,n,,
Ethan Thompson,4th,M,m,h,neutral,low,n,n,n,n,,
Wyatt Martinez,4th,M,l,h,neutral,neutral,y,n,n,n,,
Grace Nelson,5th,F,l,m,cooperative,low,n,n,n,n,,
Daniel Smith,5th,M,m,m,disruptive,high,n,n,n,n,,
Lincoln Mitchell,5th,M,m,m,neutral,neutral,n,n,n,n,,
Oliver Rodriguez,5th,M,l,m,cooperative,neutral,n,y,n,n,,
Nora Gomez,5th,F,h,l,neutral,neutral,n,n,n,n,,
Amelia Evans,5th,F,m,m,cooperative,neutral,n,n,n,n,Savannah Edwards,
Savannah Edwards,5th,F,l,m,neutral,neutral,n,n,y,n,Riley Miller,
Ava Davis,5th,F,h,l,cooperative,low,n,n,n,n,,
Chloe Nelson,5th,F,m,m,neutral,neutral,n,n,n,n,Aaliyah Brooks,
Riley Miller,5th,F,l,l,neutral,high,n,n,n,n,,
Aaliyah Brooks,5th,F,m,l,cooperative,neutral,n,n,n,n,,
Carter Hernandez,5th,M,h,m,cooperative,neutral,n,n,n,n,,
Grayson Brooks,5th,M,l,m,disruptive,low,n,n,n,n,,
Lucas Watson,5th,M,m,m,cooperative,low,y,n,y,n,Chloe Nelson,
Jackson Stewart,5th,M,h,l,neutral,neutral,n,n,n,n,,
Sebastian Campbell,5th,M,m,l,cooperative,neutral,n,n,n,n,,
Ava Kelly,5th,F,m,m,cooperative,neutral,n,n,n,n,,
Lucy Moore,5th,F,h,m,neutral,high,n,n,n,n,,
Bella Lopez,5th,F,l,l,disruptive,high,n,n,n,n,Sebastian Campbell,
Dylan Robinson,5th,M,l,m,cooperative,neutral,y,n,n,n,,
Lincoln Stewart,5th,M,h,m,neutral,neutral,n,n,n,n,,
Benjamin Roberts,5th,M,m,h,cooperative,neutral,n,n,y,n,,
Thomas Lewis,5th,M,l,l,cooperative,neutral,n,n,n,n,Lincoln Stewart,
Aiden Ramirez,5th,M,m,l,neutral,neutral,y,n,n,n,,
Elijah Chavez,5th,M,m,l,cooperative,low,n,n,n,n,,
Bella Carter,5th,F,m,m,cooperative,neutral,n,n,n,n,,
Skylar Morgan,5th,F,m,l,disruptive,high,n,n,n,n,Isaac Lewis,
David Harris,5th,M,l,h,cooperative,low,n,n,n,n,Bella Carter,
Luke Richardson,5th,M,l,m,disruptive,high,n,n,y,n,,
Isaac Lewis,5th,M,m,m,disruptive,high,y,y,n,n,,
Aiden Morales,5th,M,m,m,neutral,neutral,n,n,n,n,,
Emily Flores,5th,F,h,l,neutral,neutral,n,n,n,n,Isaac Lewis,
Grace Morgan,5th,F,h,m,cooperative,neutral,n,n,n,n,,
Julian Hall,5th,M,m,h,cooperative,high,n,n,n,n,,
Ava Williams,5th,F,h,m,cooperative,high,n,n,y,n,Emily Flores,
Stella Reed,5th,F,h,m,disruptive,neutral,n,n,y,n,,
Aaliyah Garcia,5th,F,m,l,cooperative,low,n,n,n,n,,
Evelyn Gonzalez,5th,F,l,l,cooperative,low,n,n,n,n,Nora James,
Owen Scott,5th,M,h,h,neutral,neutral,n,n,n,n,,
Brooklyn Adams,5th,F,l,l,cooperative,high,n,n,n,n,Aaliyah Garcia,
Nora James,5th,F,l,m,neutral,neutral,n,n,n,n,,
Eleanor Ortiz,5th,F,l,m,cooperative,high,n,n,n,n,,
Lucy Mitchell,5th,F,m,m,cooperative,neutral,n,n,n,n,Aaliyah Gutierrez,
Charlotte Allen,5th,F,m,m,cooperative,low,n,n,n,n,,
Elijah Brooks,5th,M,m,h,neutral,neutral,n,n,y,n,,
Layla Williams,5th,F,m,l,cooperative,neutral,n,n,n,n,,
Aaliyah Gutierrez,5th,F,m,h,cooperative,neutral,y,n,n,n,,
Isaac Williams,5th,M,l,h,neutral,neutral,n,n,y,n,,
Joseph Johnson,5th,M,l,l,neutral,neutral,n,n,n,n,Oliver Howard,
Alexander Bennett,5th,M,m,l,cooperative,neutral,y,n,n,n,,
Joseph Reyes,5th,M,l,l,cooperative,neutral,n,n,n,n,,
Bella Brown,5th,F,m,h,neutral,high,n,n,n,n,Oliver Howard,
Scarlett Walker,5th,F,m,m,cooperative,neutral,y,n,n,n,,
Oliver Howard,5th,M,l,m,cooperative,neutral,y,n,n,n,,
John Gray,5th,M,h,m,disruptive,neutral,n,n,n,n,,
Lucy Adams,5th,F,m,l,cooperative,neutral,n,n,y,n,,
Lily Robinson,5th,F,m,m,neutral,neutral,n,n,n,n,,
Lily Moore,5th,F,m,m,neutral,neutral,n,y,n,n,Scarlett Walker,
Julian Howard,5th,M,h,h,cooperative,neutral,n,n,y,n,Jaxon Hernandez,
Jaxon Hernandez,5th,M,m,h,cooperative,high,n,n,n,n,John Gray,
Logan Gray,5th,M,m,l,cooperative,neutral,y,n,n,n,Jaxon Hernandez,
Mateo Thompson,5th,M,h,m,cooperative,neutral,n,n,y,n,,
Olivia Cox,5th,F,m,h,cooperative,neutral,n,n,n,n,,
Chloe Lopez,5th,F,l,h,neutral,neutral,n,n,n,n,Nathan Brooks,
Chloe Thompson,5th,F,m,l,cooperative,high,n,n,n,n,Layla James,
Nathan Brooks,5th,M,m,h,cooperative,neutral,n,n,n,n,,
Penelope Miller,5th,F,l,l,cooperative,neutral,n,n,y,n,Nathan Brooks,
Layla James,5th,F,m,m,disruptive,neutral,n,n,n,n,,Gabriel Watson
Benjamin Clark,5th,M,m,m,neutral,high,n,n,n,n,Christopher Evans,
Alexander Carter,5th,M,l,l,cooperative,neutral,n,n,n,n,Olivia Richardson,
Sebastian Wilson,5th,M,l,m,neutral,neutral,n,y,y,n,Nathan Nelson,
Christopher Evans,5th,M,h,m,neutral,low,n,n,n,n,,
Ellie Rodriguez,5th,F,m,m,cooperative,neutral,n,n,n,n,,
Gabriel Watson,5th,M,m,m,disruptive,neutral,n,n,y,n,,Layla James
Olivia Richardson,5th,F,m,m,cooperative,neutral,y,n,n,n,,
Nathan Nelson,5th,M,m,h,cooperative,neutral,y,n,n,n,,
Aaliyah Stewart,5th,F,m,m,cooperative,neutral,n,n,n,n,Aaliyah Cook,
Daniel Bennett,5th,M,l,m,cooperative,neutral,n,y,n,n,Aaliyah Cook,
Lucy Clark,5th,F,h,m,neutral,neutral,n,n,n,n,,
Aaliyah Cook,5th,F,h,h,cooperative,neutral,n,n,n,n,,
Matthew Ward,5th,M,m,m,neutral,neutral,n,n,y,n,,
Jack Taylor,5th,M,l,h,cooperative,neutral,n,n,n,n,,
Samuel Brown,5th,M,h,m,cooperative,neutral,n,n,n,n,,
Zoey Ruiz,5th,F,m,m,neutral,low,n,n,y,n,Aaliyah Cook,
Brooklyn Thompson,5th,F,m,m,neutral,neutral,n,n,n,n,Samuel Brown,
Jack Clark,5th,M,h,h,cooperative,neutral,n,n,n,n,,
Caleb Baker,5th,M,m,h,cooperative,neutral,n,n,n,n,,
Levi Flores,5th,M,h,m,cooperative,high,n,y,n,n,,
Ellie Rivera,5th,F,m,l,cooperative,high,n,n,n,n,Caleb Baker,
Owen Martinez,5th,M,m,h,neutral,neutral,n,n,n,n,,
